Country,1990,1991,1992,1993,1994,1995,1996,1997,1998,1999,2000,2001,2002,2003,2004,2005,2006,2007,2008,2009,2010,2011,2012,2013,2014,2015,2016
Afghanistan,53885.5,53198.75,52280.75,52763.0,52964.75,54145.25,53360.5,54460.75,55580.25,53796.5,51769.0,54208.5,59561.5,54999.5,57218.5,52649.25,55928.5,56832.75,52687.75,53336.25,47002.0,40894.75,44001.0,49790.0,51395.5,49829.75,47537.75
Albania,29385.0,28142.5,30073.0,40478.2,34981.0,45779.25,43990.75,45755.0,50748.0,55392.5,56373.5,58793.25,61236.25,58710.5,60001.5,65396.25,67910.75,72782.5,76011.5,83092.25,88618.25,90725.0,93064.25,95233.75,94000.0,94170.5,93730.75
Algeria,29264.4,34360.8,41083.4,40984.6,32240.75,38814.4,39496.8,45095.0,45165.0,45512.0,58815.0,45072.2,54970.4,58908.8,61008.2,62334.4,74184.4,84145.6,73576.6,80542.4,71356.4,89933.2,114036.0,86749.0,83988.6,97849.8,128306.8
American Samoa,31504.0,53388.0,53003.5,52619.0,52234.5,51850.0,51851.0,64035.0,73055.0,52083.5,47551.5,45474.5,45094.5,29126.0,49333.5,47019.0,46795.5,44822.0,46109.0,45828.5,45619.5,45510.5,46571.5,47941.5,46569.0,45768.5,46623.5
Angola,31793.666666666668,30884.83333333333,32196.5,36648.833333333336,42166.833333333336,39810.5,40293.833333333336,38723.66666666666,39874.5,39211.66666666666,23712.875,27909.375,29578.875,27565.75,28434.75,27402.25,30200.0,33441.0,41392.5,41789.25,42324.625,39548.75,31472.25,39410.25,39952.0,40306.875,38487.75
Antigua and Barbuda,42490.75,41468.25,41095.75,40317.75,40027.25,39327.5,39540.75,39474.5,39382.75,39315.0,39371.0,39239.5,38951.0,37400.75,37399.75,38588.25,38358.0,39135.0,39695.25,39848.25,40181.75,40561.25,42437.25,41135.5,41209.75,41662.75,41899.5
Argentina,71819.625,74104.5,75570.625,75596.25,83485.125,89313.75,83682.875,86238.375,97308.875,85661.375,90727.125,93654.625,90827.25,93888.875,95402.875,97207.0,94727.375,96707.25,95160.125,92350.5,97530.75,96495.0,95182.125,95248.625,96265.875,98163.625,98545.5
Australia,87676.85714285714,87854.28571428571,88745.57142857143,84714.85714285714,88062.85714285714,91639.0,95378.0,109106.71428571428,114074.85714285714,116291.42857142857,115004.71428571428,122840.28571428572,128765.57142857143,126820.85714285714,129321.71428571428,123436.42857142857,121644.0,126176.14285714286,122140.42857142857,117882.42857142857,125978.0,127280.71428571428,135180.85714285713,138686.7142857143,148536.57142857142,142675.85714285713,143670.14285714287
Austria,100294.75,99216.25,89922.0,110012.25,88350.75,106643.25,112091.5,115042.25,113775.5,121150.25,114263.5,116102.75,119639.5,105390.0,124246.75,132277.0,117511.75,118008.25,132867.5,127676.5,109646.8,124932.4,110007.2,98591.4,122276.6,100393.6,127954.2
Bahamas,53261.66666666666,49350.66666666666,48037.333333333336,46160.0,43061.66666666666,41911.333333333336,41679.333333333336,41172.333333333336,42188.66666666666,46581.66666666666,53355.333333333336,54288.0,55097.333333333336,56397.66666666666,57559.66666666666,59046.333333333336,59589.66666666666,59973.333333333336,73881.0,91825.66666666669,102708.5,102788.0,102162.5,101963.75,105390.0,108188.0,110396.0
Bahrain,151667.0,163333.5,150250.0,139762.0,136250.0,143333.5,125000.0,160000.0,160000.0,100000.0,103333.0,110000.0,190000.0,180000.0,180000.0,100000.0,130000.0,255556.0,210000.0,166667.0,155598.0,171162.0,177812.0,179569.0,181326.0,183083.0,184840.0
Bangladesh,41423.16666666666,42977.5,44690.333333333336,44407.0,44599.16666666666,45560.833333333336,46017.833333333336,45947.16666666666,46050.5,47342.333333333336,50492.16666666666,53382.5,54364.16666666666,56350.5,58089.0,53353.42857142857,52816.57142857143,55363.142857142855,60365.71428571428,54044.28571428572,62377.42857142857,62985.57142857143,65809.28571428571,65469.857142857145,66995.71428571429,67547.85714285714,69005.42857142857
Barbados,93266.75,90504.0,93319.5,119005.5,99310.0,94181.75,94141.0,101695.25,107161.25,122054.0,123154.75,122237.75,120940.5,122315.5,192949.75,145121.25,141733.25,110930.5,125212.5,140530.75,139608.5,138635.25,139559.75,139541.75,140107.25,141111.5,142277.0
Belize,75018.66666666667,66668.66666666667,101141.88888888888,104576.66666666669,92846.77777777778,100065.0,108181.66666666669,56771.444444444445,57837.66666666666,70890.44444444444,103058.88888888888,86718.55555555556,75092.33333333333,70777.88888888889,81438.77777777778,85358.55555555556,103645.22222222222,79581.0,99560.11111111112,124036.44444444444,85444.66666666667,87151.77777777778,87783.0,99869.77777777778,84772.88888888889,82314.22222222222,83419.22222222222
Benin,39634.42857142857,40663.857142857145,39158.28571428572,40831.71428571428,40353.142857142855,46554.25,47525.375,51285.75,45665.5,45544.0,47724.5,42952.375,47320.375,46990.25,47763.875,50228.42857142857,66055.25,43788.875,52301.142857142855,61857.125,54533.75,67821.375,61535.625,61955.375,68052.875,67268.625,59177.875
Bermuda,146825.5,167271.5,169643.0,187500.0,200673.0,200673.0,174759.5,184821.5,179777.5,177343.5,170775.5,177578.0,168876.0,167741.0,182680.5,174469.0,170044.5,177777.5,178821.5,178802.5,178848.5,178718.0,185555.5,173888.5,177893.0,178024.0,178541.0
Bhutan,32758.8,25252.0,25581.4,26742.2,27752.0,28376.6,29135.6,29888.6,29964.4,28397.6,23903.8,25398.0,25809.2,32094.4,47253.4,39398.8,34824.6,34121.6,36783.2,30101.83333333333,35815.166666666664,33256.833333333336,33367.333333333336,36561.66666666666,34454.0,36303.5,36980.333333333336
Bolivia (Plurinational State of),44297.0,45287.55555555556,41701.11111111111,42291.55555555556,39630.22222222222,41628.0,42025.11111111111,41594.22222222222,40697.77777777778,41332.333333333336,44121.55555555556,44114.333333333336,44665.55555555556,45910.11111111111,44817.11111111111,46004.88888888889,46237.88888888889,44462.444444444445,45778.88888888889,44507.0,44173.22222222222,43052.11111111111,42344.333333333336,39855.0,43158.333333333336,45599.0,44107.0
Botswana,10525.666666666666,10029.666666666666,8820.333333333334,9144.0,7970.666666666667,10765.333333333334,8354.666666666666,7519.0,6980.333333333333,6705.666666666667,6191.333333333333,9748.0,7242.666666666667,10875.666666666666,5926.0,10742.333333333334,5995.666666666667,6732.666666666667,5117.0,3735.5,3659.0,5081.5,4074.5,2008.5,2795.5,8140.5,5124.0
Brazil,60368.11111111111,60554.22222222222,61370.0,63397.22222222222,65049.55555555556,65807.77777777778,61403.333333333336,64859.88888888889,65142.88888888889,68496.55555555556,68918.55555555556,72885.22222222222,73369.0,76755.22222222222,77036.22222222222,76378.22222222222,78671.33333333333,82433.66666666667,85569.55555555556,82920.55555555556,86446.88888888889,89312.66666666667,89646.66666666667,92389.22222222222,93097.33333333331,96895.22222222222,95862.77777777778
Brunei Darussalam,64333.333333333336,66688.66666666667,64578.0,67252.66666666667,64459.0,64395.333333333336,62832.66666666666,61343.333333333336,60699.333333333336,58931.333333333336,59652.333333333336,59380.0,58727.66666666666,60321.333333333336,61732.333333333336,63011.66666666666,67342.66666666667,69161.66666666667,71132.33333333333,72584.33333333333,74794.66666666667,77812.0,80896.33333333333,79775.33333333333,81222.33333333333,82863.0,84991.66666666667
Bulgaria,38277.333333333336,44357.0,39256.333333333336,32799.333333333336,37589.66666666666,40613.5,29007.0,39145.16666666666,34916.333333333336,43216.5,32553.666666666668,42902.333333333336,45303.833333333336,45480.66666666666,61619.333333333336,54756.66666666666,53252.0,46664.5,54689.16666666666,55202.16666666666,62607.833333333336,53234.5,43270.66666666666,58611.0,58262.5,56707.16666666666,57405.0
Burkina Faso,33915.25,31944.375,24979.125,31667.25,30368.0,31904.25,30537.875,26620.375,27527.75,31939.625,39799.75,30547.125,30490.125,43904.625,29203.0,33047.75,40063.5,31029.0,37247.75,39862.5,32637.0,43589.625,33780.0,37716.125,27886.625,34866.875,36402.25
Burundi,35682.444444444445,35127.444444444445,35241.666666666664,34682.11111111111,33706.333333333336,33588.11111111111,33686.0,34474.22222222222,33390.11111111111,34087.77777777778,33884.22222222222,34489.11111111111,35111.88888888889,33630.666666666664,33630.77777777778,32566.777777777777,34408.555555555555,35413.666666666664,31782.11111111111,29278.0,32151.33333333333,32692.0,30997.222222222223,41166.55555555556,42089.444444444445,44155.333333333336,42170.11111111111
Cabo Verde,91207.0,88061.75,72505.25,78333.0,73986.5,81016.25,96500.0,97816.75,81995.5,85875.0,116873.25,115611.5,114283.0,114478.0,114281.75,112796.5,113195.0,114246.0,113040.75,114148.5,109223.0,105485.75,107513.75,101985.0,76835.0,43994.5,55369.0
Cambodia,28199.0,29040.8,40885.6,31762.2,27698.8,29646.4,28075.4,31156.0,30778.6,48696.8,38185.4,39759.6,31503.4,48758.0,55240.0,60049.8,70185.6,64542.0,66378.2,77496.6,72061.0,73682.4,72919.2,75308.2,80669.6,80075.8,82080.8
Cameroon,44716.9,42818.9,40486.5,39795.2,40353.5,40124.6,41445.2,42985.5,44919.9,50673.9,49800.1,44104.5,35638.0,34384.9,33240.1,44379.0,44941.2,53306.5,53712.2,54656.6,53996.0,55276.0,57254.1,63163.9,66745.8,66236.5,67581.2
Canada,92115.25,52677.25,55016.5,54986.75,58729.5,57684.0,57734.0,56754.75,60699.25,60983.25,57271.75,50910.0,55729.5,60215.25,64597.0,63887.75,67541.25,64483.25,68292.25,66111.0,70839.5,66907.0,68945.75,73225.25,71338.25,71837.5,69880.75
Cayman Islands,27666.666666666668,35347.333333333336,41294.333333333336,37000.0,33813.0,40000.0,41111.333333333336,26666.666666666668,40000.0,33666.666666666664,33111.0,33885.0,33803.666666666664,33660.0,33111.0,32675.666666666668,32372.0,32606.0,32409.0,32310.0,32552.0,32598.0,32497.666666666668,32391.0,32284.666666666668,32178.0,32071.0
Central African Republic,25233.42857142857,26298.285714285717,27363.714285714286,27068.285714285717,25757.714285714286,25687.85714285714,25452.85714285714,26053.42857142857,26259.285714285717,26339.571428571428,26340.285714285717,26451.42857142857,26622.285714285717,27370.42857142857,26331.571428571428,26339.14285714286,25308.14285714286,25503.285714285717,25686.85714285714,25901.571428571428,28145.571428571428,27288.285714285717,29543.571428571428,26970.285714285717,25624.85714285714,25425.571428571428,25527.14285714286
Chad,36633.25,35410.75,36636.5,34021.5,36571.125,33518.625,35705.0,39629.5,38579.625,40916.0,45259.75,50550.125,51462.125,58753.375,54037.71428571428,57856.0,42129.0,44049.125,42354.875,40231.125,44968.375,53370.625,58589.0,48771.125,55816.625,48942.125,44476.75
Chile,75538.8,71570.4,76829.6,73958.0,76768.6,76899.2,75652.6,77679.8,76678.8,79004.8,83895.4,89843.2,96349.0,92337.0,93861.4,95372.6,101658.4,82658.0,91138.4,98285.6,102582.6,128283.8,118017.6,113594.8,108494.0,110046.2,114817.4
China,75552.25,75248.5,78238.5,84842.75,83270.5,84731.25,89038.625,84381.0,90177.75,87789.0,86842.875,87668.875,91660.0,90339.875,93227.75,92615.0,92317.75,91337.375,93250.875,91943.125,94975.125,96884.375,97304.625,98448.375,98713.625,99832.625,99508.375
"China, Hong Kong SAR",49473.5,93333.0,82705.0,86957.0,68824.0,85333.0,67500.0,68333.5,48461.5,55022.0,56337.5,56247.5,58408.0,59163.0,60642.5,61709.0,106250.0,63571.5,64166.5,65000.0,68409.5,69847.5,75000.0,78000.0,74277.0,75522.0,76916.0
"China, Taiwan Province of",85054.375,86027.5,90770.875,95033.75,95163.125,95204.875,102268.5,105278.25,88627.125,106007.5,104162.625,98913.875,110914.625,115686.0,111032.0,108254.25,110352.375,107859.375,109009.5,110058.0,108034.875,114374.875,113184.5,110997.5,114793.25,114101.75,114554.625
"China, mainland",75549.875,75233.625,78214.25,84819.125,83256.25,84713.75,89016.875,84337.625,90208.25,87758.75,86816.75,87651.5,91624.375,90304.0,93202.125,92605.125,92306.625,91333.0,93243.375,91935.875,94965.5,96868.0,97287.875,98438.375,98691.0,99816.375,99495.625
Colombia,55792.22222222222,58639.88888888889,61857.11111111111,64471.66666666666,61156.77777777778,64647.0,63950.77777777778,63003.22222222222,61749.444444444445,63577.55555555556,60790.0,64299.444444444445,66485.0,68343.11111111111,67530.11111111111,67967.55555555556,65977.77777777778,68145.66666666667,69459.22222222222,69465.55555555556,69840.66666666667,68464.88888888889,69534.66666666667,69145.88888888889,72924.0,69428.77777777778,70319.44444444444
Comoros,45451.16666666666,48226.833333333336,49979.333333333336,51474.0,51671.66666666666,50415.833333333336,50029.0,50138.66666666666,50083.833333333336,51156.66666666666,52895.0,52305.333333333336,50913.0,51360.16666666666,51532.0,51531.833333333336,51339.16666666666,51539.16666666666,52199.5,52099.0,52292.16666666666,52495.16666666666,52488.66666666666,52683.16666666666,52753.16666666666,52833.333333333336,52939.16666666666
Congo,50124.0,50639.28571428572,50739.857142857145,50030.28571428572,51832.28571428572,53012.71428571428,52645.0,53254.28571428572,53539.142857142855,54939.42857142857,55125.0,56567.57142857143,54853.28571428572,55751.0,55500.42857142857,53483.28571428572,54759.0,54898.0,55404.42857142857,55286.28571428572,55799.71428571428,56099.57142857143,56164.71428571428,56340.857142857145,56429.71428571428,56581.0,56671.0
Cook Islands,290769.0,282769.0,319886.5,254166.5,227778.0,231535.0,218235.5,193529.5,228179.5,236480.0,244724.5,266666.5,254766.5,262500.0,256327.0,257155.0,258083.5,265000.0,261925.5,263432.0,264875.0,266358.5,269356.0,266758.5,268951.0,272847.5,276691.0
Costa Rica,80438.75,84572.5,98984.0,116956.0,108148.0,96744.42857142857,97841.0,101647.71428571428,97564.57142857143,94140.71428571428,91498.57142857143,95739.85714285714,88492.14285714286,92208.85714285714,91659.57142857143,71830.85714285714,83827.85714285714,88726.14285714286,102533.42857142857,98312.71428571428,98623.14285714286,101485.57142857143,99750.14285714286,97527.85714285714,103033.42857142857,106429.0,105301.85714285714
Cuba,38865.71428571428,40395.42857142857,43939.125,39055.375,32959.5,45064.375,54835.75,43969.625,42471.25,65843.375,104891.375,87203.875,86304.625,81199.875,82340.75,70586.5,69471.375,60644.5,66080.875,62159.125,62274.5,72465.25,72084.0,71900.125,79183.25,82683.625,83134.5
Cyprus,126383.5,109080.5,112006.5,134843.5,102121.0,133250.5,142499.0,69167.0,101975.5,129356.0,98130.0,115584.0,140853.5,125560.0,129016.0,131967.5,155577.0,133739.5,115001.5,125928.5,108414.5,135668.5,103735.0,117134.0,120679.5,116059.5,119771.0
CÃ´te d'Ivoire,32011.0,31217.375,31629.75,31253.25,31378.75,31517.25,32615.625,34089.625,33862.25,34558.125,34729.5,34757.5,34841.625,34916.25,34616.375,35118.375,34703.375,32906.0,34161.5,30312.375,31784.875,30965.75,31275.75,31425.375,30799.0,30433.125,30164.75
Democratic People's Republic of Korea,57728.28571428572,61727.57142857143,62043.142857142855,60719.28571428572,55513.0,45703.42857142857,45102.57142857143,42908.28571428572,49635.28571428572,45919.0,44754.57142857143,51957.0,48904.857142857145,51613.71428571428,52526.857142857145,52474.142857142855,52529.142857142855,50397.142857142855,49820.42857142857,53574.0,55619.0,55518.57142857143,53806.57142857143,54677.71428571428,54897.57142857143,56204.57142857143,55385.142857142855
Democratic Republic of the Congo,34071.6,34261.5,34627.1,33392.8,33240.9,32401.1,32463.7,33417.9,33123.8,32373.7,31885.5,30697.8,30671.3,30577.0,30609.2,30608.7,30468.5,30609.9,30606.3,30572.3,30520.4,30527.9,30555.5,30579.2,30572.8,30579.1,30542.3
Denmark,224381.5,203442.0,195796.5,228284.0,206663.0,207638.5,218682.0,234105.5,238454.5,232790.5,249830.0,238693.5,234705.5,230979.5,234410.5,233214.0,211303.0,225628.5,247488.5,248117.0,155681.33333333334,168755.0,184406.66666666663,182621.66666666663,193735.0,187847.66666666663,191231.66666666663
Djibouti,16667.0,16358.0,16405.0,16459.0,16521.0,16667.0,16796.0,17020.0,17243.0,17690.0,18333.0,17143.0,16667.0,16667.0,16591.0,15000.0,16667.0,17393.0,17820.0,18185.0,18504.0,18819.0,20000.0,20000.0,19357.0,19079.0,19256.0
Dominica,74610.66666666667,82871.16666666667,83753.66666666667,87173.33333333333,83687.83333333333,83099.83333333333,81833.0,81040.83333333333,79369.0,79571.0,79787.16666666667,80664.5,80933.66666666667,78996.66666666667,80519.33333333333,80304.66666666667,79607.5,78206.0,78160.5,78207.0,76679.83333333333,80270.83333333333,85544.66666666667,83261.5,82046.66666666667,82445.5,83135.16666666667
Dominican Republic,60355.25,66651.625,58186.375,57651.375,55052.5,56015.5,55346.375,51146.5,53873.0,59662.75,63892.875,69079.125,65480.0,69233.875,67176.5,73365.625,78962.75,77452.75,75069.625,80579.25,83496.75,89661.75,90032.0,93820.125,97471.875,94577.625,96546.125
Ecuador,44681.22222222222,35596.666666666664,36058.22222222222,35978.555555555555,40010.77777777778,33353.22222222222,36187.333333333336,36835.22222222222,36424.66666666666,41055.11111111111,26697.444444444445,37417.77777777778,28860.11111111111,31481.777777777777,33443.444444444445,34146.555555555555,30447.11111111111,32884.0,31334.33333333333,29106.222222222223,32665.0,31037.0,35455.666666666664,29790.666666666668,43321.22222222222,41978.22222222222,43894.444444444445
Egypt,102664.0,104651.28571428572,102715.71428571428,105750.71428571428,102135.14285714286,105335.85714285714,101692.14285714286,104476.71428571428,109171.42857142857,112134.28571428572,117941.28571428572,116768.42857142857,120128.85714285714,122763.0,122237.57142857143,108907.71428571428,100888.71428571428,126620.28571428572,123872.42857142857,124878.28571428572,123780.0,129388.42857142857,131439.7142857143,133053.0,133254.57142857142,132334.0,130464.71428571428
El Salvador,71495.75,69883.125,74374.875,77752.625,74906.25,74511.125,69494.375,70210.125,83471.375,80793.125,106213.875,105836.625,108032.5,107338.125,111858.875,107372.0,107872.125,107670.5,108410.75,110758.125,99471.75,78783.625,92828.5,114991.0,95874.125,94468.625,101764.25
Equatorial Guinea,31034.5,33880.333333333336,33731.333333333336,33866.666666666664,34027.666666666664,34175.666666666664,33834.333333333336,34632.0,35150.666666666664,35546.666666666664,36054.333333333336,36520.0,37051.0,37577.0,38150.333333333336,39080.66666666666,40078.0,40595.0,41282.333333333336,42007.333333333336,42750.333333333336,43839.333333333336,44440.66666666666,44181.0,44406.333333333336,45768.0,46255.0
Eswatini,30126.83333333333,22415.5,22398.666666666668,20335.5,20807.33333333333,22276.5,20484.666666666668,21717.5,25066.5,18184.33333333333,18352.0,18713.666666666668,18264.666666666668,18416.0,18691.33333333333,18679.666666666668,18704.83333333333,17067.0,17876.0,18167.166666666668,17884.0,18207.83333333333,18721.33333333333,18942.33333333333,18006.333333333332,18024.666666666668,18175.0
Faroe Islands,136792.0,137781.0,137952.0,138122.0,138292.0,138461.0,138629.0,138795.0,138960.0,139122.0,139283.0,139440.0,139596.0,139748.0,139897.0,140042.0,140184.0,140000.0,140686.0,141060.0,141458.0,141896.0,142857.0,145455.0,143554.0,142771.0,142493.0
Fiji,48358.0,49161.142857142855,49188.0,37935.857142857145,47041.71428571428,60755.71428571428,66742.42857142857,49952.142857142855,78281.85714285714,74612.71428571429,68574.42857142857,58026.857142857145,63327.857142857145,59019.57142857143,52478.42857142857,52748.0,53070.0,39712.142857142855,37279.857142857145,40415.57142857143,42467.71428571428,41145.42857142857,38232.57142857143,38290.142857142855,40903.57142857143,38888.57142857143,36614.42857142857
Finland,124911.5,111027.0,108523.0,124864.0,118374.0,129369.5,130428.0,132163.5,104510.0,133256.0,139929.0,139039.0,147182.0,125308.0,130812.0,147147.0,120591.0,148162.5,148814.5,163562.5,147923.5,157206.0,137775.0,159763.5,156780.0,141999.0,154543.0
France,89576.66666666667,98947.5,105853.0,106800.0,101112.33333333331,103325.83333333331,109801.16666666669,117998.66666666669,112278.5,118146.16666666669,117406.0,110707.66666666669,122875.0,108289.83333333331,125923.83333333331,118049.83333333331,115366.16666666669,123618.33333333331,124369.0,122951.83333333331,118884.83333333331,130930.83333333331,119321.33333333331,117525.16666666669,132808.5,119352.83333333331,107977.33333333331
French Guiana,58077.333333333336,51555.0,49737.75,66209.0,53975.25,42534.5,43010.25,39412.25,41249.75,40833.25,40255.75,44297.5,41236.25,44474.0,42002.5,39788.0,38420.75,40057.0,45734.0,49548.5,58372.25,71000.0,71000.0,71000.0,69785.0,68293.5,67399.0
French Polynesia,129068.0,129700.5,130089.0,130288.5,129891.0,127837.5,134061.0,132096.0,132446.5,133209.0,132903.5,132984.0,134737.0,133701.0,133430.0,134570.0,134530.5,136889.0,136719.5,137564.0,137525.5,137780.0,139649.0,137599.0,138418.0,138894.5,138983.0
Gabon,31815.285714285717,35174.142857142855,34334.57142857143,33916.0,34129.42857142857,34105.857142857145,34015.42857142857,33186.71428571428,34079.71428571428,34199.857142857145,34543.0,34573.0,34351.857142857145,34651.42857142857,34814.857142857145,34813.57142857143,35017.0,35819.71428571428,34806.857142857145,34543.71428571428,34337.857142857145,34147.42857142857,33511.0,33675.71428571428,33860.42857142857,34348.142857142855,34363.142857142855
Gambia,16060.0,16249.25,17593.5,17629.25,16833.5,15657.0,15685.25,15193.75,16239.25,19522.0,20222.75,20677.0,17197.25,18708.75,18497.25,16159.25,17520.75,13453.25,16020.5,16811.75,17916.25,16164.75,16286.5,17345.5,15209.25,16014.75,16339.25
Germany,102013.0,114631.25,116021.75,139651.75,122001.0,119298.0,140325.0,140883.5,139221.5,141065.0,154595.5,148636.25,142343.5,161335.66666666666,204812.66666666663,195529.3333333333,131998.5,149389.0,156644.5,157159.0,145284.75,162236.75,161421.0,146628.25,171822.0,157179.0,161116.0
Ghana,42370.0,55114.66666666666,52076.5,61738.66666666666,58702.833333333336,60611.66666666666,55483.71428571428,54865.57142857143,53541.28571428572,56488.142857142855,55791.71428571428,54425.28571428572,56561.0,55333.857142857145,56293.0,56472.42857142857,58647.28571428572,60559.71428571428,64411.0,67258.71428571429,70398.42857142857,70433.42857142857,71874.14285714286,76021.57142857143,78084.14285714286,77590.14285714286,77826.42857142857
Greece,83442.85714285714,92543.28571428572,98188.0,98108.57142857143,96006.57142857143,87418.14285714286,88568.57142857143,80982.57142857143,80133.14285714286,89273.0,84593.85714285714,90416.42857142857,89659.57142857143,91948.85714285714,88925.57142857143,86446.42857142857,89127.57142857143,93173.57142857143,90516.85714285714,94483.71428571428,94938.57142857143,92582.42857142857,92089.71428571428,100084.57142857143,99641.71428571428,101416.14285714286,101133.0
Grenada,40320.0,39276.8,39079.6,38365.4,38537.0,39859.4,39899.6,40035.4,40232.2,40296.8,40395.6,40397.8,40664.8,40620.6,40715.6,39622.8,40766.4,40863.2,41593.6,40667.6,41721.0,42266.0,42441.6,44255.0,43979.4,43698.4,43966.2
Guadeloupe,109434.75,121503.5,121735.5,120746.75,100373.75,84374.0,107421.25,111699.5,101194.5,110425.25,104986.5,106930.75,109047.0,110350.5,88336.25,116251.0,110612.0,115330.25,133495.0,137933.0,122951.5,124724.75,126631.0,128295.25,129959.75,131624.5,133289.25
Guam,64500.0,76647.5,76404.5,76162.0,75919.0,75676.5,75434.0,75191.0,74948.0,74705.5,76178.5,73481.0,72500.0,72730.0,72766.0,72514.0,72500.0,69688.0,65364.0,61342.5,57318.0,53531.0,50000.0,49264.5,48970.5,46416.5,44121.5
Guatemala,93755.25,94195.875,94641.75,91796.88888888888,92540.44444444444,91473.88888888888,88344.77777777778,87236.0,87266.0,89308.55555555556,90190.44444444444,86471.11111111111,81472.44444444444,74442.66666666667,78673.44444444444,73045.0,66822.88888888889,67704.44444444444,68436.66666666667,70984.22222222222,67009.22222222222,67669.44444444444,68188.77777777778,68474.22222222222,70548.55555555556,73059.55555555556,74865.44444444444
Guinea,45220.28571428572,44977.857142857145,44321.42857142857,45629.0,47086.42857142857,46550.142857142855,45305.28571428572,45116.0,45810.42857142857,44832.0,44712.57142857143,44906.142857142855,46195.57142857143,48465.875,47726.625,48262.375,48853.25,47982.75,45115.375,54453.125,46798.625,47287.75,46238.125,47419.625,44921.0,42852.0,46120.5
Guinea-Bissau,36440.2,35110.6,46509.6,46731.2,46472.0,45529.2,45626.0,44489.0,42973.2,42387.0,42571.6,42761.4,43506.4,42985.6,42658.2,42116.2,39838.2,34122.2,36864.2,34830.6,33951.8,33428.0,32818.8,31617.4,31293.2,30968.2,30482.8
Guyana,46874.25,49459.25,49824.5,47922.0,50158.0,53067.5,49553.5,55072.66666666666,47641.833333333336,52125.66666666666,54178.66666666666,52201.5,52264.66666666666,55466.16666666666,59662.16666666666,62815.333333333336,72026.83333333333,79668.16666666667,86334.0,108680.33333333331,109087.0,91972.5,92548.5,85998.0,78173.83333333333,59509.833333333336,47092.5
Haiti,42723.0,46500.0,47146.0,47338.5,45545.125,45671.25,45844.75,45073.0,44546.375,44144.625,44244.25,45066.125,45084.25,45183.375,45080.625,45244.375,46370.625,45570.875,45103.125,51127.875,48571.0,50510.875,52065.5,58827.125,53887.375,51277.0,51984.5
Honduras,57850.125,59615.25,63663.5,52111.66666666666,53620.333333333336,52959.66666666666,54849.333333333336,53392.11111111111,48925.11111111111,42855.0,47635.11111111111,49621.11111111111,47018.444444444445,50020.0,50308.444444444445,49027.11111111111,51125.0,54335.11111111111,58397.66666666666,55608.88888888889,54686.11111111111,59328.66666666666,56548.333333333336,59991.22222222222,61171.77777777778,62021.88888888889,63026.77777777778
Hungary,55160.0,57274.0,51417.16666666666,43235.66666666666,46653.0,51915.333333333336,60960.833333333336,60603.0,64651.5,64999.0,54990.5,71733.0,65481.333333333336,54862.66666666666,75427.0,78098.83333333333,75151.0,61747.333333333336,82847.83333333333,74657.66666666667,63583.333333333336,78367.0,63093.333333333336,68637.33333333333,83050.0,73117.0,74352.0
Iceland,85000.0,100873.0,112000.0,111250.0,139300.0,91550.0,124589.0,106963.0,122137.0,128757.0,144537.0,142075.0,110000.0,88625.0,160000.0,184000.0,200000.0,182584.0,175562.0,133427.0,175000.0,139961.0,192079.0,120000.0,138333.0,150833.0,165500.0
India,65371.875,67768.0,70143.625,69104.875,72501.75,72875.25,72401.875,73743.25,72120.125,74304.5,80415.125,79292.875,79803.75,77273.5,79914.875,84750.375,86300.5,84678.75,90327.25,90393.5,93529.75,99562.375,102232.625,98805.875,100082.875,82749.875,81946.25
Indonesia,72044.66666666667,70859.33333333333,72871.0,75365.0,73778.33333333333,75820.16666666667,78878.83333333333,76816.5,75255.0,74470.16666666667,72877.66666666667,76507.0,79340.0,82248.83333333333,85534.5,86775.0,88539.5,88414.16666666667,93042.5,95057.33333333331,97188.16666666669,99156.83333333331,105721.5,107728.66666666669,113101.83333333331,115492.33333333331,118452.83333333331
Iran (Islamic Republic of),55220.4,65634.0,62947.6,71594.8,70906.4,70146.6,72840.4,70265.0,70747.2,69530.8,69535.4,66484.8,75888.8,80444.4,79920.0,83027.4,83411.0,87231.0,78726.2,81006.8,89219.0,82979.4,83792.6,86903.6,93268.0,95677.6,94655.2
Iraq,42066.833333333336,34883.0,40847.333333333336,40303.5,40173.0,37268.66666666666,42221.0,37673.5,38292.66666666666,36417.333333333336,28456.33333333333,37183.0,41419.333333333336,42879.5,40988.333333333336,39681.833333333336,43740.66666666666,44820.66666666666,31824.5,34596.166666666664,45292.0,43264.66666666666,42242.333333333336,51736.833333333336,47100.833333333336,66409.16666666667,66810.33333333333
Ireland,167139.0,178591.5,183748.0,165741.0,188596.5,179177.0,195805.5,168275.5,170425.5,203547.0,215713.5,212293.5,210596.5,213390.5,257214.5,215548.5,212250.0,212826.0,198815.0,178580.5,214974.5,220522.5,165006.5,236627.0,251649.0,265162.0,243250.5
Israel,180808.8,161800.0,170736.6,176735.0,170351.4,169809.4,202497.2,174438.2,188217.0,184285.6,178523.6,179885.0,177375.2,164730.6,189051.2,183773.6,181890.8,196696.8,187433.4,201168.0,194146.2,187494.4,156838.4,153552.8,182039.8,154641.2,169155.4
Italy,93453.0,96418.14285714286,104739.28571428572,105263.28571428572,105657.14285714286,106974.71428571428,103756.14285714286,100603.57142857143,99565.42857142857,88033.85714285714,92496.28571428572,92532.42857142857,92178.0,87608.57142857143,100954.28571428572,97185.71428571428,95165.42857142857,103358.14285714286,102089.0,101568.28571428572,104467.71428571428,108298.28571428572,101295.42857142857,109710.71428571428,113457.85714285714,112723.71428571428,115205.42857142857
Jamaica,94026.14285714286,89771.42857142857,106172.71428571428,119639.71428571428,123229.0,125734.0,126122.71428571428,119367.28571428572,121868.71428571428,123610.0,118712.71428571428,123983.57142857143,123096.42857142857,125232.0,122671.14285714286,123217.0,127449.85714285714,126860.42857142857,127170.28571428572,133249.85714285713,129403.57142857143,141929.42857142858,133872.14285714287,132842.85714285713,131690.85714285713,131193.0,134806.14285714287
Japan,127039.85714285714,121420.0,125337.42857142857,110684.57142857143,130410.14285714286,128197.14285714286,123695.14285714286,129014.42857142857,127776.71428571428,126747.85714285714,132681.85714285713,132078.42857142858,134738.14285714287,129786.57142857143,135957.57142857142,136741.42857142858,130696.0,137003.14285714287,135688.2857142857,128506.71428571428,122373.85714285714,126721.0,129746.85714285714,130336.57142857143,132189.2857142857,131329.14285714287,130061.42857142857
Jordan,140056.0,110906.0,158080.66666666666,117479.66666666669,122439.0,121175.5,129851.5,111593.5,88066.5,117300.5,150521.0,156657.0,193974.75,174859.0,195114.5,185999.5,168335.0,161083.0,140456.0,164945.5,158334.5,210231.5,146801.5,171658.0,184487.0,200249.5,265037.75
Kenya,59026.1,62098.9,55394.2,59407.5,59466.8,58161.4,53869.2,54282.2,51114.8,60613.0,48667.2,54816.6,49975.8,58084.7,59250.3,71075.7,69272.5,70110.1,76078.9,67058.3,67557.7,73664.2,81123.2,77089.1,77701.2,80367.7,66590.7
Kuwait,112235.0,108889.0,196719.3333333333,198951.3333333333,207692.66666666663,208509.3333333333,209199.3333333333,207494.66666666663,165155.33333333334,169353.33333333334,170577.0,168825.33333333334,169071.66666666666,168184.66666666666,167841.0,175950.33333333334,175921.0,167853.66666666666,168764.66666666666,167945.0,167337.66666666666,213677.3333333333,199529.3333333333,206672.66666666663,203656.66666666663,135523.33333333334,166295.0
Lao People's Democratic Republic,53178.66666666666,54976.0,54997.16666666666,53990.833333333336,52580.333333333336,50882.833333333336,53691.5,49483.833333333336,49930.833333333336,54948.16666666666,47169.5,47402.0,57072.833333333336,58959.833333333336,60909.16666666666,68425.0,79257.0,98928.83333333331,109614.83333333331,98317.66666666669,117445.33333333331,129490.16666666669,102754.33333333331,126082.0,134529.83333333334,160485.0,161251.33333333334
Lebanon,57510.25,63573.25,66463.75,65019.0,72967.0,75640.0,76712.5,71101.0,71873.75,70556.75,73662.0,76798.0,77261.75,73574.0,90469.5,86167.75,69109.75,82813.0,85311.25,77267.0,80706.5,81207.5,79884.25,87125.5,85302.0,85049.5,85876.25
Lesotho,51533.75,42254.0,42286.0,44727.25,44285.0,44622.25,48097.75,48444.5,50686.0,47837.25,46962.25,50257.75,45585.75,45030.75,45083.75,46142.75,44167.25,44425.0,44002.25,43263.5,48988.25,46526.75,45245.5,49308.5,47113.0,46139.5,46147.75
Liberia,48349.66666666666,47073.333333333336,47067.0,47133.333333333336,47502.66666666666,47240.833333333336,48217.333333333336,48330.0,48448.833333333336,48376.333333333336,48547.16666666666,48355.66666666666,48094.16666666666,47744.16666666666,47842.66666666666,48445.0,47624.5,49476.66666666666,49316.333333333336,51033.0,51695.66666666666,52022.16666666666,52400.16666666666,51647.16666666666,51936.0,52364.66666666666,52727.0
Libya,34291.0,35372.333333333336,33863.0,35700.0,45598.66666666666,61939.66666666666,68364.33333333333,67267.33333333333,68916.66666666667,92596.33333333331,78995.0,74324.66666666667,72655.33333333333,72624.66666666667,75613.66666666667,63068.333333333336,75188.33333333333,74486.0,74447.0,75688.33333333333,73633.0,72816.66666666667,73015.0,74874.0,77021.0,76544.66666666667,75537.33333333333
Madagascar,32083.75,29862.0,30502.75,30608.0,30379.125,31101.625,30877.0,31255.375,30648.5,31584.25,31274.375,32038.125,30665.625,28671.125,30095.75,35509.5,35756.75,36187.125,36340.75,36709.375,36628.625,37003.875,37638.375,38189.75,38432.0,39156.125,39662.875
Malawi,29057.85714285714,24666.714285714286,31284.14285714286,28843.571428571428,26821.0,24850.42857142857,31787.85714285714,32823.0,35158.857142857145,38403.57142857143,53656.42857142857,59530.57142857143,55868.28571428572,53695.375,53136.0,45489.75,57558.375,65061.375,62501.25,67207.625,66531.875,68576.375,71268.625,72349.875,73691.75,70754.5,69316.25
Malaysia,51164.8,64700.75,65098.5,67614.75,68153.5,68828.75,68542.75,70895.5,75253.75,77305.5,76750.25,83149.75,86008.5,94125.75,96570.75,103371.0,110527.0,102036.75,94826.0,103452.0,83136.0,86488.75,154604.25,112474.75,107969.0,104434.5,110586.0
Maldives,16941.75,13900.5,13053.5,12670.5,13483.0,10889.5,25497.5,18398.0,16822.0,21668.75,15849.0,23165.0,23181.5,21022.5,19841.25,18906.0,18555.5,18921.75,19637.0,20084.75,21323.75,22211.75,22346.75,21499.5,18652.0,16779.75,19341.25
Mali,45229.11111111111,47096.333333333336,44650.66666666666,47903.11111111111,46471.22222222222,47364.88888888889,49944.66666666666,49407.88888888889,50308.11111111111,65870.88888888889,75473.0,64552.88888888889,73899.77777777778,72281.44444444444,89894.22222222222,83637.77777777778,105227.22222222222,103691.11111111112,100942.88888888888,103205.22222222222,98622.44444444444,95485.22222222222,95866.0,93779.77777777778,86863.88888888889,86642.88888888889,103548.0
Malta,76409.5,100925.0,117187.5,120501.5,127922.0,128125.0,147091.0,155513.0,120863.0,121485.0,118129.5,91057.0,144514.0,120988.0,124235.5,139842.0,132692.5,122471.5,159881.0,96564.5,135003.0,158686.0,114076.5,114027.5,113577.0,81290.0,72934.0
Martinique,122651.0,116658.33333333331,122722.66666666669,92229.0,100557.0,101080.0,102722.25,98628.0,102252.0,107244.75,101948.0,100233.0,99737.75,100101.25,99877.75,99982.0,100939.0,89282.75,116445.0,85787.0,82178.25,83400.0,83616.0,85542.5,85079.0,84628.0,84644.0
Mauritania,26196.0,24641.0,27844.85714285714,23966.285714285717,24686.285714285717,26778.14285714286,26445.42857142857,26056.285714285717,26912.285714285717,26716.285714285717,27804.571428571428,28364.571428571428,27899.0,27210.714285714286,29915.571428571428,28019.14285714286,28545.85714285714,29178.42857142857,29372.0,28122.571428571428,30098.571428571428,29219.0,30573.85714285714,30621.285714285717,30511.714285714286,30754.85714285714,31083.285714285717
Mauritius,99503.2,99176.4,107293.4,133635.5,128667.75,126748.25,133649.25,142628.0,124149.5,135460.25,149545.25,139999.5,129541.75,126598.5,136460.5,133289.75,137666.75,147224.25,116888.2,122130.6,109307.6,122757.0,121791.2,119061.8,127647.6,114606.2,112450.6
Mexico,69229.625,71391.125,78519.5,75078.5,77498.5,79436.875,77469.5,84021.25,83655.625,89789.5,87753.625,94647.125,92636.25,99019.75,96699.5,97766.125,97348.25,96425.0,102481.25,99579.0,100583.25,97093.5,95744.125,98723.75,98057.125,96534.125,100281.75
Mongolia,59327.0,49390.5,49420.5,38283.0,38363.0,45428.0,36504.5,45247.5,43323.5,39464.0,41247.5,36353.5,28302.5,50669.5,48199.5,44788.0,56273.0,54639.5,61819.5,63697.0,67694.5,73050.0,80928.5,68485.0,69547.0,66688.5,61597.5
Montserrat,24731.0,24859.33333333333,24882.33333333333,26120.33333333333,26764.33333333333,27401.666666666668,28299.666666666668,29170.0,30083.0,31043.666666666668,32056.33333333333,33125.666666666664,34257.333333333336,37874.333333333336,39550.333333333336,41330.333333333336,43206.66666666666,44036.333333333336,47511.66666666666,49886.333333333336,52247.333333333336,54531.333333333336,58389.0,57666.66666666666,59671.333333333336,60747.66666666666,61721.0
Morocco,59369.57142857143,58949.0,52338.71428571428,54653.0,62718.71428571428,56266.142857142855,67207.57142857143,61922.57142857143,65844.57142857143,55958.57142857143,59918.71428571428,56258.0,63630.0,65429.142857142855,73070.71428571429,66188.71428571429,80113.0,75219.42857142857,75135.0,68553.28571428571,80604.42857142857,89995.28571428571,95151.85714285714,104719.57142857143,88804.57142857143,89372.42857142857,84044.57142857143
Mozambique,37631.857142857145,36364.42857142857,34216.28571428572,37260.71428571428,37457.0,38189.0,39707.142857142855,40358.142857142855,40589.71428571428,42122.142857142855,41593.28571428572,43352.71428571428,35554.42857142857,39124.57142857143,42301.0,38200.0,44188.42857142857,43981.857142857145,41714.857142857145,47580.142857142855,53541.57142857143,55143.142857142855,64442.0,59371.142857142855,44384.71428571428,49681.57142857143,61360.42857142857
Myanmar,44746.125,46381.625,44884.25,48410.25,47103.875,45487.25,50382.875,48008.22222222222,47670.66666666666,47337.11111111111,48602.11111111111,51506.22222222222,53053.88888888889,54718.66666666666,59188.88888888889,60707.333333333336,64071.22222222222,65190.22222222222,65486.77777777778,67121.22222222222,67465.44444444444,67142.55555555556,67470.88888888889,67059.0,68782.77777777778,69311.33333333333,67193.44444444444
Namibia,20391.0,24797.0,19619.666666666668,17981.0,22037.0,22291.0,17618.333333333332,21942.666666666668,19062.0,14596.666666666666,46777.0,51642.75,52322.0,52035.75,41687.75,45831.5,38267.0,50473.0,54596.75,55305.25,51245.0,50790.5,51089.5,51088.5,51543.75,51139.5,51803.75
Nepal,28255.6,29287.6,28437.4,28524.6,29167.4,29447.8,29635.0,30704.0,29796.8,31756.8,33432.4,34754.2,36303.4,36713.0,38435.0,39320.8,41619.6,40727.8,42348.0,42573.6,42937.2,44475.4,45549.0,45253.2,46465.4,45417.4,46498.4
Netherlands,189605.66666666663,181225.3333333333,189527.66666666663,205445.66666666663,190014.0,188896.3333333333,202141.0,190298.0,200612.3333333333,205444.0,216713.3333333333,200841.3333333333,206959.0,193037.66666666663,210267.3333333333,202852.0,191985.66666666663,210026.66666666663,219066.3333333333,228749.66666666663,214248.3333333333,220572.3333333333,220341.3333333333,209644.3333333333,228573.0,208942.3333333333,200089.66666666663
New Caledonia,55687.875,53299.142857142855,59205.375,48435.625,53053.0,53964.875,57755.42857142857,43657.25,45257.0,40304.375,34031.75,39947.857142857145,34231.0,36400.71428571428,39440.42857142857,38331.71428571428,34302.142857142855,19712.42857142857,34194.5,33227.833333333336,33544.0,28016.0,29689.25,27152.875,25878.285714285717,26671.625,26623.0
New Zealand,156325.5,160871.0,176665.75,209422.0,209357.0,211737.0,217042.25,200409.75,160818.75,187145.75,183004.75,192469.0,190407.5,202547.5,199732.0,192689.0,181522.75,197957.75,193134.25,195772.5,200598.0,198711.5,199687.0,198951.25,198107.25,199358.25,201269.25
Nicaragua,60851.0,69618.25,69950.75,72834.625,72231.375,72651.75,72628.625,71114.75,69342.5,70331.25,68447.0,70201.5,69749.125,69704.625,66733.75,67860.0,69613.5,70603.5,67755.875,69424.375,70545.125,72469.0,70763.875,74288.25,73711.75,82017.875,80745.125
Niger,48700.71428571428,69071.71428571429,80278.85714285714,76118.85714285714,70810.42857142857,68815.0,61170.0,72519.85714285714,79084.42857142857,79582.42857142857,76333.0,72114.57142857143,80272.85714285714,70242.71428571429,72646.28571428571,71606.85714285714,72163.0,74847.28571428571,79226.42857142857,80976.57142857143,90764.85714285714,72384.71428571429,98973.0,111013.57142857143,114849.0,126948.14285714286,118801.57142857143
Nigeria,47282.4,46579.8,46563.0,48072.7,46572.8,45545.8,44701.6,46284.4,43880.8,37270.4,36677.2,35747.2,36498.7,38110.9,40004.3,40900.0,43473.2,38859.6,43965.8,42876.1,45644.0,37745.2,34294.6,32463.5,36554.1,37158.7,37190.9
Niue,72531.66666666667,77974.33333333333,77919.33333333333,79049.0,78429.66666666667,78375.0,78287.0,78172.66666666667,78037.0,77886.0,77725.66666666667,77561.33333333333,77399.66666666667,77245.33333333333,77170.33333333333,77074.66666666667,77032.0,77539.66666666667,77063.66666666667,77133.0,77247.66666666667,77413.0,78174.66666666667,75773.66666666667,77851.33333333333,77713.66666666667,78037.66666666667
Norway,152070.5,137018.0,151512.0,150349.0,129604.0,134913.0,138289.5,152722.0,157648.0,150397.5,140957.5,151808.0,148567.5,148891.0,163549.0,139724.0,155481.5,135978.0,163423.0,137952.5,148818.5,133829.0,140769.0,145271.5,169482.0,157801.0,174804.5
Oman,110469.0,89843.75,92262.5,87213.5,91288.0,92052.75,78052.5,80149.5,85853.25,99465.0,90349.75,106638.25,102546.25,95134.5,95133.5,97975.75,96098.75,97383.0,107560.5,115479.66666666669,96184.33333333331,112940.0,134994.33333333334,87397.66666666667,124667.66666666669,137991.66666666666,138031.66666666666
Pakistan,37567.42857142857,38906.28571428572,41085.71428571428,41904.0,43516.142857142855,46209.57142857143,46184.57142857143,42973.142857142855,47524.142857142855,52658.28571428572,52784.71428571428,50586.57142857143,50681.142857142855,52417.142857142855,55827.57142857143,56974.28571428572,50937.42857142857,59204.28571428572,54582.0,60948.57142857143,63187.0,62336.142857142855,55285.142857142855,61111.0,55426.28571428572,61894.71428571428,59994.28571428572
Panama,54041.71428571428,57665.25,54941.875,51459.0,57201.625,57938.875,57425.625,64414.125,62343.0,65767.25,62771.75,76325.375,80944.0,76579.875,74868.875,72159.0,95772.625,88814.0,87587.75,78855.0,73108.375,71026.375,79519.125,82158.625,81918.5,80979.5,81893.875
Papua New Guinea,64374.57142857143,63124.142857142855,64351.28571428572,64261.142857142855,63980.42857142857,64749.28571428572,65722.57142857143,67129.28571428571,67611.42857142857,68264.71428571429,68876.42857142857,68479.42857142857,67731.0,65660.28571428571,65777.14285714286,65503.142857142855,65528.857142857145,66278.42857142857,65728.57142857143,66871.71428571429,68286.14285714286,70030.85714285714,68729.0,71457.42857142857,71350.14285714286,70564.57142857143,70931.42857142857
Paraguay,48504.75,46650.0,48308.5,49486.875,50931.0,50680.875,49737.375,50918.5,49703.25,47003.125,45648.125,49542.125,50191.875,50932.625,57793.125,51072.75,52153.125,54547.375,53269.625,51198.5,71311.375,72510.125,59408.25,74391.25,75687.5,77000.875,77770.0
Peru,64865.333333333336,65763.55555555556,64119.22222222222,66880.22222222222,68574.33333333333,71973.66666666667,73557.88888888889,74848.33333333333,65287.77777777778,71834.22222222222,70504.0,72556.88888888889,72924.33333333333,73011.22222222222,73172.66666666667,73888.0,79306.55555555556,74934.88888888889,76113.22222222222,78583.77777777778,78998.11111111111,82248.11111111111,83996.22222222222,84169.77777777778,83994.33333333333,84561.55555555556,82944.0
Philippines,48784.25,58065.88888888889,57604.55555555556,58142.22222222222,57581.66666666666,58512.11111111111,55190.55555555556,55936.22222222222,55675.66666666666,55253.77777777778,54753.11111111111,54879.88888888889,54905.66666666666,55431.22222222222,56496.444444444445,57188.22222222222,57337.88888888889,61791.55555555556,62932.333333333336,63446.333333333336,64339.11111111111,66635.44444444444,67193.33333333333,68471.22222222222,71323.11111111111,71881.88888888889,71396.66666666667
Poland,95518.0,84696.33333333333,66806.66666666667,97481.0,68391.0,83035.33333333333,95971.33333333331,81700.0,98296.66666666669,83239.33333333333,95555.66666666669,86096.33333333333,97774.0,68010.5,78004.75,71112.75,58969.75,81985.75,76174.0,77865.5,82177.25,89842.25,93936.5,106917.33333333331,131087.66666666666,101012.66666666669,105675.0
Portugal,64735.5,63834.833333333336,69020.66666666667,73207.83333333333,71432.0,77827.33333333333,76395.66666666667,84804.0,88228.66666666667,87361.16666666667,84383.83333333333,84165.5,87835.83333333333,86301.33333333333,89719.66666666667,82470.83333333333,90189.0,91200.33333333331,90682.0,100293.0,106862.33333333331,119866.0,118444.33333333331,122764.16666666669,126058.0,126092.0,124588.5
Puerto Rico,72472.2,72508.2,73373.4,86556.6,129199.0,103791.4,107940.2,103668.4,47019.0,57838.16666666666,67607.83333333333,68347.0,71086.5,80348.16666666667,81386.0,93705.4,94637.4,91727.2,78400.66666666667,77805.83333333333,77586.33333333333,77190.5,76644.66666666667,76715.16666666667,74110.0,87043.16666666667,89990.83333333333
Qatar,84887.66666666667,81925.0,81799.33333333333,83256.66666666667,81773.66666666667,80147.33333333333,84191.0,83400.0,83544.0,80342.66666666667,78299.33333333333,76210.66666666667,74118.0,76210.66666666667,76916.0,81092.66666666667,80634.66666666667,101539.0,103809.66666666669,108730.0,107352.0,109730.66666666669,89250.33333333333,85591.66666666667,82970.33333333333,112627.0,82851.33333333333
Republic of Korea,81556.71428571429,81249.28571428571,82976.42857142857,83314.28571428571,79856.71428571429,88286.0,88644.57142857143,89052.71428571429,88412.85714285714,89710.0,87718.57142857143,89618.28571428571,93046.0,85140.71428571429,91108.71428571428,87878.14285714286,87652.57142857143,90127.57142857143,93790.71428571428,91126.71428571428,82608.28571428571,78844.71428571429,82220.0,84711.28571428571,88617.71428571429,85978.42857142857,84709.85714285714
Romania,33462.0,32126.33333333333,33040.333333333336,41855.333333333336,38840.5,41298.333333333336,38963.5,44161.0,40416.16666666666,44819.66666666666,35229.0,41530.66666666666,40556.66666666666,40242.5,58512.333333333336,48673.0,45960.66666666666,38193.16666666666,50380.833333333336,51295.16666666666,49391.833333333336,58127.0,38967.333333333336,55225.16666666666,58095.66666666666,50123.66666666666,53312.16666666666
Rwanda,25245.33333333333,27072.33333333333,28490.666666666668,30085.33333333333,25656.11111111111,28867.33333333333,27397.666666666668,26014.555555555555,25312.33333333333,23203.0,33646.88888888889,33557.444444444445,36900.11111111111,36198.444444444445,34054.11111111111,39085.0,38009.0,34742.11111111111,42516.55555555556,49366.22222222222,55151.88888888889,57544.11111111111,64655.0,73543.88888888889,58221.77777777778,56747.88888888889,55141.22222222222
RÃ©union,70320.4,61408.4,54570.8,47193.4,54794.6,69701.0,65762.4,86860.4,92930.2,128811.6,154971.2,161321.4,146011.6,132043.0,137224.8,124344.6,124033.4,121074.2,128738.0,126061.2,124713.0,120623.6,117341.4,116468.2,116817.8,117496.0,117796.6
Saint Kitts and Nevis,72579.0,72556.66666666667,79666.66666666667,78444.33333333333,76666.66666666667,72222.33333333333,76437.33333333333,67741.33333333333,67696.33333333333,68303.66666666667,68390.33333333333,70566.66666666667,71197.33333333333,70763.0,72037.66666666667,59936.0,105303.0,109242.33333333331,152003.66666666666,146064.33333333334,146143.66666666666,143910.33333333334,142404.66666666666,141769.33333333334,142793.66666666666,66826.0,133802.33333333334
Saint Lucia,50221.25,49229.0,50075.0,52252.0,51941.5,52286.5,52471.25,53129.0,54797.0,49825.75,48971.0,48881.75,47953.75,47676.0,45409.0,48390.25,47921.0,48183.0,48949.75,48255.25,47324.25,46434.5,45697.5,45846.0,45552.25,45855.25,45585.5
Saint Vincent and the Grenadines,60095.0,60985.8,61814.4,62201.8,62044.4,63534.6,57282.4,68971.2,61434.4,60598.2,87830.0,87696.6,87930.4,88151.2,86533.6,82973.4,85217.6,80454.6,81826.0,91157.8,106344.0,115711.6,120172.4,116874.4,117371.8,116490.6,117527.0
Samoa,94749.0,84374.5,79788.0,80284.5,80567.5,80266.5,79216.0,81333.5,82452.0,86085.0,85882.5,85862.0,86094.0,85660.5,85608.5,85549.0,85660.5,85280.5,85845.5,86362.5,91651.5,85554.5,81644.0,82445.5,84506.5,84932.5,85127.0
Sao Tome and Principe,56639.66666666666,59184.333333333336,59534.66666666666,59412.333333333336,59627.333333333336,59062.66666666666,58377.333333333336,58929.333333333336,55069.66666666666,56492.0,57209.333333333336,58796.333333333336,58527.333333333336,59363.333333333336,58467.66666666666,60007.333333333336,54315.0,49913.66666666666,42176.333333333336,41316.66666666666,40589.66666666666,45467.333333333336,45604.333333333336,39395.66666666666,40617.0,39838.333333333336,38584.333333333336
Saudi Arabia,68783.25,62767.5,59257.0,65381.25,66492.75,68122.0,67904.5,61773.25,64248.75,81329.25,95219.75,86145.25,82109.25,84063.0,93506.75,88698.0,95084.75,93097.5,97740.25,97827.5,100279.75,99022.25,99669.5,102025.75,98083.5,103441.0,104635.75
Senegal,47232.333333333336,47853.66666666666,47491.5,48813.5,50820.333333333336,59509.833333333336,53716.5,49408.66666666666,54519.0,56696.5,50643.66666666666,59852.66666666666,75283.66666666667,81907.33333333333,87834.83333333333,93475.83333333331,92705.66666666669,90869.33333333331,84226.16666666667,123931.33333333331,111830.5,101551.5,116879.0,118633.5,114950.5,122313.5,124346.5
Seychelles,50645.0,133262.0,132796.0,132331.0,131866.0,131401.0,130936.0,130471.0,130006.0,129541.0,129075.0,128610.0,128145.0,127680.0,127274.0,126867.0,126460.0,126054.0,125647.0,126092.0,125115.0,125000.0,125000.0,122222.0,86936.0,122012.0,122395.0
Sierra Leone,30015.5,29628.0,30564.83333333333,29492.33333333333,28165.83333333333,30786.5,28901.666666666668,26971.33333333333,26931.166666666668,30272.5,30012.666666666668,28871.666666666668,28586.0,29835.166666666668,29945.166666666668,30543.0,29772.166666666668,30211.5,30311.666666666668,35736.333333333336,37754.0,38305.16666666666,60779.66666666666,41040.66666666666,41714.0,43972.833333333336,44798.5
Solomon Islands,97384.75,106071.5,107264.5,107894.5,107420.5,106964.25,106545.75,105570.75,105525.75,106375.0,108241.25,109186.75,109485.0,108084.0,107237.5,105383.25,107348.75,104297.75,105407.25,105491.25,104514.5,104533.0,109431.5,108077.5,106324.0,107088.0,107076.75
Somalia,42542.66666666666,41243.5,39351.333333333336,40507.5,37817.5,38683.833333333336,40895.333333333336,41757.0,42424.5,45443.66666666666,40303.66666666666,45015.0,45907.66666666666,45964.333333333336,45507.66666666666,45007.66666666666,43745.833333333336,45705.333333333336,44267.333333333336,43867.333333333336,44982.5,42428.0,46158.5,39017.16666666666,38351.5,37807.66666666666,37963.333333333336
South Africa,46410.142857142855,46909.28571428572,39363.42857142857,52213.142857142855,53009.42857142857,53340.857142857145,57995.0,60988.57142857143,65363.57142857143,65419.71428571428,68402.71428571429,65713.14285714286,69893.14285714286,68067.57142857143,71440.85714285714,71416.71428571429,70405.42857142857,69007.71428571429,73938.71428571429,75593.85714285714,73224.85714285714,74699.42857142857,76062.14285714286,75371.42857142857,79194.28571428571,73559.57142857143,74809.85714285714
Spain,85119.42857142857,86314.14285714286,86061.57142857143,83262.28571428571,84416.42857142857,82858.42857142857,88881.85714285714,90789.85714285714,94782.71428571428,96026.71428571428,95978.85714285714,102456.71428571428,101586.71428571428,91249.14285714286,100546.42857142857,96162.0,101846.14285714286,104050.14285714286,99511.42857142857,108682.71428571428,109736.0,111274.71428571428,106367.42857142857,110598.71428571428,117479.71428571428,114392.42857142857,115081.71428571428
Sri Lanka,57552.625,56349.0,56120.625,58346.0,57766.625,57533.5,58576.875,54305.125,54981.875,56371.75,57696.25,58066.375,57665.125,54435.75,60786.125,60197.375,60852.5,63069.625,67221.125,68835.0,67750.375,67436.375,71248.875,73488.5,73044.375,74553.625,76256.75
Suriname,81291.66666666667,85828.16666666667,84940.16666666667,75049.5,76287.66666666667,89347.83333333333,99961.5,98118.66666666669,83500.5,96982.33333333331,94855.83333333331,104058.16666666669,105839.66666666669,110699.16666666669,118682.16666666669,115944.33333333331,111066.66666666669,125112.33333333331,133081.0,139748.16666666666,133811.0,132164.33333333334,136202.16666666666,142537.5,128671.33333333331,131902.33333333334,134312.16666666666
Sweden,206264.0,175101.5,192396.0,217044.5,187790.5,183116.0,194356.0,199376.5,206125.5,181094.5,178471.0,173179.0,174696.0,167748.5,184472.5,187202.0,165319.0,169600.0,189131.0,189494.0,177592.0,186733.5,194094.0,197677.5,206740.0,209767.5,210247.5
Switzerland,136190.25,140550.75,146857.0,152627.75,125433.5,131025.75,166209.75,159538.5,145594.0,131736.5,154937.25,137742.0,142421.75,113583.0,145185.25,141903.25,124067.75,151144.75,153490.75,164106.0,139422.0,166140.75,151296.75,126464.5,160305.25,132599.25,126616.75
Syrian Arab Republic,49551.0,56464.0,55357.16666666666,56806.5,59888.0,64904.0,56873.5,47945.0,64467.0,52692.0,57220.4,60579.4,61765.6,58348.0,57760.4,58667.8,61619.2,53976.6,56411.0,60566.0,56264.0,61803.6,61327.6,61035.2,54464.8,58598.6,60786.6
Thailand,43500.0,43139.28571428572,50791.42857142857,49609.71428571428,51179.857142857145,51879.28571428572,58377.28571428572,57949.42857142857,52276.0,54717.57142857143,57294.42857142857,57359.142857142855,56905.0,61776.71428571428,64685.857142857145,61939.0,67540.0,71175.57142857143,67848.71428571429,72526.42857142857,63584.57142857143,64706.0,69715.42857142857,70117.14285714286,71859.14285714286,72392.14285714286,70536.85714285714
Timor-Leste,27034.5,26042.83333333333,27538.166666666668,30688.666666666668,23321.0,23372.0,23377.166666666668,23865.666666666668,23909.0,29539.666666666668,27505.666666666668,23501.83333333333,22826.0,23150.5,22862.5,23033.33333333333,24169.0,23046.33333333333,20195.0,23908.666666666668,23697.666666666668,24957.33333333333,23457.666666666668,24671.5,25024.5,24102.666666666668,23322.666666666668
Togo,41479.833333333336,40735.16666666666,38420.0,40205.16666666666,39419.0,38681.833333333336,31629.33333333333,46971.16666666666,39938.66666666666,42784.16666666666,37164.5,37464.333333333336,40456.16666666666,37563.833333333336,31624.714285714286,34179.0,40575.28571428572,43239.28571428572,40032.42857142857,40738.57142857143,41419.71428571428,42811.71428571428,28154.42857142857,29626.285714285717,27693.42857142857,30174.0,28952.85714285714
Tonga,126051.0,149588.75,139537.75,130056.0,135115.25,132516.25,131690.5,131422.5,131812.75,136887.75,133622.75,124153.0,125226.75,125491.75,125524.0,125518.0,125062.25,122139.0,123830.25,123740.75,123772.5,123946.0,120883.0,123888.5,126211.5,125357.75,126099.75
Trinidad and Tobago,50929.0,43447.0,47296.66666666666,48864.16666666666,49240.333333333336,50630.333333333336,50635.16666666666,46073.333333333336,46027.5,48960.0,43217.16666666666,42772.5,41265.16666666666,39394.833333333336,36081.5,33475.5,39381.5,31012.166666666668,32000.33333333333,34930.166666666664,30546.33333333333,28225.166666666668,45497.833333333336,62288.5,42177.66666666666,41287.16666666666,49378.333333333336
Tunisia,51161.66666666666,49917.0,52360.333333333336,52584.0,44004.0,51279.66666666666,46580.333333333336,46960.333333333336,52105.0,60851.0,52046.66666666666,59765.333333333336,52982.333333333336,54960.66666666666,58699.0,48357.66666666666,55375.333333333336,56275.333333333336,57019.66666666666,56697.333333333336,59719.333333333336,58120.333333333336,58508.0,60045.66666666666,61489.333333333336,63675.0,66762.66666666667
Turkey,71582.8,73231.4,73911.2,76627.8,72007.4,73716.6,73501.6,74260.0,80466.8,83316.2,83690.8,81063.6,83147.8,86484.4,79182.83333333333,81248.33333333333,84632.5,83855.66666666667,86900.5,94863.66666666669,102508.83333333331,103546.66666666669,94487.33333333331,97135.33333333331,99763.83333333331,99161.83333333331,100332.5
Uganda,36033.66666666666,36019.444444444445,35581.555555555555,37351.333333333336,35937.88888888889,36216.88888888889,31621.444444444445,32553.11111111111,36395.88888888889,41943.77777777778,41223.77777777778,42822.55555555556,42831.66666666666,42514.88888888889,41693.444444444445,42668.0,41342.77777777778,41336.88888888889,30959.444444444445,32298.0,31503.666666666668,30359.222222222223,27302.666666666668,26704.444444444445,31227.444444444445,29671.555555555555,27401.88888888889
United Arab Emirates,120505.5,124623.66666666669,122085.33333333331,88455.33333333333,137511.33333333334,132126.0,136071.33333333334,146447.33333333334,155301.0,147608.66666666666,151673.33333333334,157099.66666666666,150699.0,168951.33333333334,167912.66666666666,168582.33333333334,171244.33333333334,186953.0,186964.66666666663,183940.0,162778.66666666666,171607.0,130177.33333333331,210383.66666666663,108083.66666666669,229726.66666666663,188179.0
United Kingdom,217436.5,213293.5,251032.0,244536.0,236738.0,225747.5,244378.0,251716.0,233444.5,241005.0,239917.0,236898.5,260457.0,242968.0,251267.5,257381.0,248124.0,237085.0,249705.5,261725.5,257793.5,254831.5,186070.5,241415.5,252503.0,261469.0,232722.0
United Republic of Tanzania,37327.5,34011.9,31440.3,32321.8,32039.3,33724.1,33667.7,31100.9,29757.3,34051.3,30099.7,32868.2,36245.7,28800.1,30363.8,29541.0,29199.8,30066.9,32521.3,24595.5,32566.6,33309.1,32781.3,34138.8,36737.1,33564.6,33333.3
United States of America,101721.0,102501.57142857143,109989.71428571428,104262.14285714286,116251.14285714286,107486.28571428572,115675.0,115789.42857142857,113618.14285714286,116315.57142857143,119781.28571428572,118060.42857142857,116542.71428571428,121845.42857142857,130405.57142857143,129144.14285714286,130344.28571428572,132694.7142857143,132501.14285714287,139323.7142857143,136389.42857142858,134691.2857142857,134615.2857142857,141880.0,144685.85714285713,142114.42857142858,145249.14285714287
Uruguay,38573.28571428572,39070.57142857143,42141.142857142855,44394.0,45593.0,50401.71428571428,51674.71428571428,60130.71428571428,60823.57142857143,63565.857142857145,50320.28571428572,62184.42857142857,56176.57142857143,65916.71428571429,64556.142857142855,69083.28571428571,67373.42857142857,66810.85714285714,66947.71428571429,66524.0,73364.71428571429,68977.0,74770.14285714286,79374.28571428571,73078.85714285714,71821.14285714286,77110.57142857143
Vanuatu,5109.0,4655.0,4707.0,4759.0,4811.0,4863.0,4915.0,4967.0,5018.0,5070.0,5122.0,5174.0,5226.0,5278.0,5296.0,5293.0,5357.0,5517.0,5467.0,5578.0,5635.0,5710.0,5714.0,6333.0,6193.0,6113.0,6125.0
Venezuela (Bolivarian Republic of),49339.7,52491.2,50410.6,62035.2,58162.6,61141.9,63076.9,65075.8,71907.3,75284.1,74622.0,77327.7,75208.1,76784.9,74186.4,70678.3,72621.4,74706.4,76206.8,74878.1,72270.6,75287.9,76611.1,77396.8,75985.3,74970.8,74572.2
Viet Nam,50576.833333333336,48973.5,52104.833333333336,51204.0,50223.0,50449.16666666666,50676.333333333336,54878.16666666666,52553.66666666666,57664.16666666666,56940.833333333336,62973.16666666666,68429.16666666667,69249.5,71438.16666666667,73441.16666666667,75045.0,75736.83333333333,75524.83333333333,77104.66666666667,81677.66666666667,86853.5,89589.83333333333,88302.83333333333,91501.33333333331,92946.5,92650.5
Wallis and Futuna Islands,102082.5,97985.5,98492.5,98999.0,99505.5,100012.5,100519.0,101026.0,101533.0,102039.0,102546.0,103052.5,103559.5,104066.5,106910.5,108221.5,109930.5,107000.0,108485.0,109325.0,110265.5,111255.5,112500.0,112265.0,113425.0,116576.0,117077.5
Yemen,48331.2,50817.8,55205.0,56432.8,55956.4,55299.6,52708.2,51684.4,52598.6,53087.6,52404.8,51521.0,51150.8,48872.6,47465.8,47543.6,50967.6,52125.2,48558.8,52325.4,53065.6,53967.6,53326.8,49668.0,50909.8,50215.6,51354.4
Zambia,35873.25,35487.75,30535.125,36283.875,33816.625,32881.625,35667.5,35484.625,32495.125,35558.0,33681.625,34737.375,37356.75,42801.25,42174.375,43907.625,41603.625,42502.25,43984.875,47933.875,48827.0,47974.375,49861.75,48159.875,49250.75,48547.125,48814.875
Zimbabwe,43346.25,42415.5,38590.375,42969.625,41915.0,39762.0,41729.625,41192.25,40308.25,41863.875,42148.625,41936.125,39913.75,38355.875,40136.0,38514.0,39693.5,39024.0,38251.375,38553.375,38668.5,38093.125,39170.75,37882.75,38196.25,37217.75,37683.0
